<?xml version="1.0" encoding="utf-8"?>
<module uid="00000000-0000-2710-0000-000000000000" name="ModelerModule" class="com.modeliosoft.modelio.modelermodule.impl.ModelerModuleMdac" version="7.1.04.8008" binaryversion="2.1.00.8008" licenseRequired="false">
	<classpath>
		<entry path="lib/ModelerModule.jar" />
	</classpath>
	<profile uid="00300000-0000-0032-0000-000000000000" name="Code">
		<anonymous-stereotype uid="00bc2f68-0000-0f3a-0000-000000000000" metaclass="AssociationEnd">
			<taggedvalues uid="00000000-0000-36be-0000-000000000000" name="nocode" label="%nocode" parameter-card="0" is-hidden="false" is-signed="false" />
			<taggedvalues uid="00000000-0000-3766-0000-000000000000" name="type" label="%type" parameter-card="*" is-hidden="false" is-signed="false" />
		</anonymous-stereotype>
		<anonymous-stereotype uid="00bc2f68-0000-0f44-0000-000000000000" metaclass="Attribute">
			<taggedvalues uid="00000000-0000-36bb-0000-000000000000" name="nocode" label="%nocode" parameter-card="0" is-hidden="false" is-signed="false" />
			<taggedvalues uid="00000000-0000-3765-0000-000000000000" name="type" label="%type" parameter-card="*" is-hidden="false" is-signed="false" />
		</anonymous-stereotype>
		<anonymous-stereotype uid="00bc2f68-0000-0f51-0000-000000000000" metaclass="GeneralClass">
			<taggedvalues uid="00000000-0000-36bc-0000-000000000000" name="nocode" label="%nocode" parameter-card="0" is-hidden="false" is-signed="false" />
		</anonymous-stereotype>
		<anonymous-stereotype uid="00bc2f68-0000-0f6b-0000-000000000000" metaclass="Note">
			<taggedvalues uid="00000000-0000-375b-0000-000000000000" name="JEvaluation" label="%JEvaluation" parameter-card="0" is-hidden="true" is-signed="false" />
		</anonymous-stereotype>
		<anonymous-stereotype uid="00bc2f68-0000-0fa9-0000-000000000000" metaclass="Operation">
			<taggedvalues uid="00000000-0000-36bd-0000-000000000000" name="nocode" label="%nocode" parameter-card="0" is-hidden="false" is-signed="false" />
		</anonymous-stereotype>
		<anonymous-stereotype uid="00bc2f68-0000-0faf-0000-000000000000" metaclass="Package">
			<taggedvalues uid="00000000-0000-36bf-0000-000000000000" name="nocode" label="%nocode" parameter-card="0" is-hidden="false" is-signed="false" />
		</anonymous-stereotype>
		<anonymous-stereotype uid="00bc2f68-0000-0fc2-0000-000000000000" metaclass="Parameter">
			<taggedvalues uid="00000000-0000-3767-0000-000000000000" name="type" label="%type" parameter-card="*" is-hidden="false" is-signed="false" />
		</anonymous-stereotype>
	</profile>
	<profile uid="007004e8-0000-0282-0000-000000000000" name="default">
		<anonymous-stereotype uid="00bc3924-0000-189d-0000-000000000000" metaclass="AbstractDiagram">
			<taggedvalues uid="00bc3924-0000-1ae7-0000-000000000000" name="generatedDiagram" label="%generatedDiagram" parameter-card="*" is-hidden="true" is-signed="false" />
		</anonymous-stereotype>
		<anonymous-stereotype uid="00bc27b8-0000-0258-0000-000000000000" metaclass="Association">
			<taggedvalues uid="00700680-0000-01e9-0000-000000000000" name="persistence" label="%persistence" parameter-card="*" is-hidden="false" is-signed="false" />
		</anonymous-stereotype>
		<anonymous-stereotype uid="00bc27b8-0000-02a9-0000-000000000000" metaclass="Attribute">
			<taggedvalues uid="00700680-0000-01eb-0000-000000000000" name="persistence" label="%persistence" parameter-card="*" is-hidden="false" is-signed="false" />
		</anonymous-stereotype>
		<anonymous-stereotype uid="00bc27b8-0000-037a-0000-000000000000" metaclass="Classifier">
			<taggedvalues uid="00700680-0000-01ed-0000-000000000000" name="persistence" label="%persistence" parameter-card="*" is-hidden="false" is-signed="false" />
		</anonymous-stereotype>
		<anonymous-stereotype uid="01ec2468-0000-0894-0000-000000000000" metaclass="Dependency">
			<taggedvalues uid="01ec2468-0000-0aba-0000-000000000000" name="cause_depth" label="%cause_depth" parameter-card="1" is-hidden="false" is-signed="false" />
			<taggedvalues uid="01ec2468-0000-0abf-0000-000000000000" name="consequence_depth" label="%consequence_depth" parameter-card="1" is-hidden="false" is-signed="false" />
		</anonymous-stereotype>
		<anonymous-stereotype uid="00bc27b8-0000-08c8-0000-000000000000" metaclass="ModelElement">
			<taggedvalues uid="c40494de-2182-11e1-85ce-002564c97630" name="nodoc" label="%nodoc" parameter-card="0" is-hidden="false" is-signed="false" />
			<notetype uid="00000000-0000-3e81-0000-000000000000" name="description" label="%description" is-hidden="false" />
			<notetype uid="00000000-0000-3e83-0000-000000000000" name="undefined" label="%undefined" is-hidden="false" />
			<notetype uid="00000000-0000-3e80-0000-000000000000" name="comment" label="%comment" is-hidden="false" />
			<externdocumenttype uid="9ccf914f-2175-11e1-a46e-002564c97630" name="description" label="%description" is-hidden="false" />
		</anonymous-stereotype>
		<anonymous-stereotype uid="00bc27b8-0000-092f-0000-000000000000" metaclass="ModelTree">
			<notetype uid="00000000-0000-3e84-0000-000000000000" name="summary" label="%summary" is-hidden="false" />
			<externdocumenttype uid="06972e98-2177-11e1-a46e-002564c97630" name="specification" label="%specification" is-hidden="false" />
			<externdocumenttype uid="06da53d0-2177-11e1-a46e-002564c97630" name="design" label="%design" is-hidden="false" />
			<externdocumenttype uid="86f09380-2bd8-11e1-8cff-002564c97630" name="analysis" label="%analysis" is-hidden="false" />
		</anonymous-stereotype>
		<anonymous-stereotype uid="deb348a5-2653-11e1-9161-002564c97630" metaclass="Operation">
					<notetype uid="00540400-0000-011f-0000-000000000000" name="summary" label="%summary" is-hidden="false" />
		</anonymous-stereotype>
		<anonymous-stereotype uid="00bc27b8-0000-0e0b-0000-000000000000" metaclass="UseCase">
			<notetype uid="00bc0b8c-0000-251b-0000-000000000000" name="constraint" label="%constraint" is-hidden="false" />
			<notetype uid="00bc0c08-0000-242c-0000-000000000000" name="non-functional constraint" label="%non-functional_constraint" is-hidden="false" />
			<notetype uid="00bc0b8c-0000-2519-0000-000000000000" name="exception" label="%exception" is-hidden="false" />
			<notetype uid="00bc0b8c-0000-2517-0000-000000000000" name="postcondition" label="%postcondition" is-hidden="false" />
			<notetype uid="00bc0b8c-0000-2515-0000-000000000000" name="precondition" label="%precondition" is-hidden="false" />
			<externdocumenttype uid="85571022-1c36-11e1-90cd-002564c97631" name="usecase" label="%usecase" is-hidden="false" />
		</anonymous-stereotype>
		<anonymous-stereotype uid="00bc2f68-0000-0fd8-0000-000000000000" metaclass="AssociationEnd">
			<taggedvalues uid="00000000-0000-3729-0000-000000000000" name="ordered" label="%ordered" parameter-card="0" is-hidden="false" is-signed="false" />
			<taggedvalues uid="00000000-0000-372a-0000-000000000000" name="qualifier" label="%qualifier" parameter-card="1" is-hidden="false" is-signed="false" />
		</anonymous-stereotype>
		<stereotype uid="c2e23680-96f0-11de-a322-001fe2c988b8" name="ExternalDocument" label="%External_document" metaclass="Note" is-hidden="false">
			<icons>
				<small path="res/bmp/externalDocument.png" />
				<explorer path="res/bmp/externalDocument.png" />
				<diagram path="" />
			</icons>
			<taggedvalues uid="0da68860-96f1-11de-a322-001fe2c988b8" name="isLink" label="%Is_a_link" parameter-card="0" is-hidden="false" is-signed="false" />
			<taggedvalues uid="4027c488-2b5c-11df-9426-00137279a5d1" name="LinkLabel" label="%Label_for_a_link" parameter-card="1" is-hidden="false" is-signed="false" />
		</stereotype>
		<stereotype uid="00d0052c-0000-0143-0000-000000000000" name="ModelComponent" label="%ModelComponent" metaclass="Component" is-hidden="true">
			<icons>
				<small path="res/bmp/ramc.png" />
				<explorer path="res/bmp/ramc.png" />
				<diagram path="" />
			</icons>
		</stereotype>
		<stereotype uid="00140d80-0000-0110-0000-000000000000" name="ModelComponentArchive" label="%ModelComponentArchive" metaclass="Artifact" is-hidden="true">
			<icons>
				<small path="res/bmp/ramcarchive.png" />
				<explorer path="res/bmp/ramcarchive.png" />
				<diagram path="" />
			</icons>
			<taggedvalues uid="00140d80-0000-0112-0000-000000000000" name="ModelComponentFiles" label="%ModelComponentFiles" parameter-card="*" is-hidden="true" is-signed="false" />
			<taggedvalues uid="00140d80-0000-020c-0000-000000000000" name="ModelComponentVersion" label="%ModelComponentVersion" parameter-card="1" is-hidden="true" is-signed="false" />
		</stereotype>
		<stereotype uid="00700680-0000-01cc-0000-000000000000" name="access" label="%access" metaclass="ElementImport" is-hidden="false">
			<icons>
				<small path="" />
				<explorer path="" />
				<diagram path="" />
			</icons>
		</stereotype>
		<stereotype uid="0054070c-0000-005f-0000-000000000000" name="catch" label="%catch" metaclass="ElementImport" is-hidden="false">
			<icons>
				<small path="" />
				<explorer path="" />
				<diagram path="" />
			</icons>
		</stereotype>
		<stereotype uid="00700680-0000-01f1-0000-000000000000" name="complete" label="%complete" metaclass="Constraint" is-hidden="false">
			<icons>
				<small path="" />
				<explorer path="" />
				<diagram path="" />
			</icons>
		</stereotype>
		<stereotype uid="00700680-0000-0202-0000-000000000000" name="create" label="%create" metaclass="ElementImport" is-hidden="false">
			<icons>
				<small path="res/bmp/operation_constructor.png" />
				<explorer path="res/bmp/operation_constructor.png" />
				<diagram path="res/bmp/operation_constructor.png" />
			</icons>
		</stereotype>
		<stereotype uid="00700680-0000-0204-0000-000000000000" name="create" label="%create" metaclass="Operation" is-hidden="false">
			<icons>
				<small path="res/bmp/operation_constructor.png" />
				<explorer path="res/bmp/operation_constructor.png" />
				<diagram path="res/bmp/operation_constructor.png" />
			</icons>
		</stereotype>
		<stereotype uid="007006dc-0000-0139-0000-000000000000" name="design pattern" label="%design_pattern" metaclass="Class" is-hidden="false">
			<icons>
				<small path="" />
				<explorer path="" />
				<diagram path="res/bmp/designpattern_icon.png" />
			</icons>
		</stereotype>
		<stereotype uid="00700680-0000-0206-0000-000000000000" name="destroy" label="%destroy" metaclass="Operation" is-hidden="false">
			<icons>
				<small path="res/bmp/operation_destructor.png" />
				<explorer path="res/bmp/operation_destructor.png" />
				<diagram path="res/bmp/operation_destructor.png" />
			</icons>
		</stereotype>
		<stereotype uid="00700680-0000-01f3-0000-000000000000" name="destroyed" label="%destroyed" metaclass="Constraint" is-hidden="false">
			<icons>
				<small path="" />
				<explorer path="" />
				<diagram path="" />
			</icons>
		</stereotype>
		<stereotype uid="00700680-0000-01f5-0000-000000000000" name="disjoin" label="%disjoin" metaclass="Constraint" is-hidden="false">
			<icons>
				<small path="" />
				<explorer path="" />
				<diagram path="" />
			</icons>
		</stereotype>
		<stereotype uid="00700680-0000-01d1-0000-000000000000" name="exception" label="%exception" metaclass="Signal" is-hidden="false">
			<icons>
				<small path="" />
				<explorer path="" />
				<diagram path="" />
			</icons>
		</stereotype>
		<stereotype uid="00700680-0000-01c3-0000-000000000000" name="executable" label="%executable" metaclass="Artifact" is-hidden="false">
			<icons>
				<small path="" />
				<explorer path="" />
				<diagram path="" />
			</icons>
		</stereotype>
		<stereotype uid="00000000-0000-9c48-0000-000000000000" name="extend" label="%extend" metaclass="UseCaseDependency" is-hidden="false">
			<icons>
				<small path="res/bmp/usecasedependencyextend.png" />
				<explorer path="res/bmp/usecasedependencyextend.png" />
				<diagram path="" />
			</icons>
		</stereotype>
		<stereotype uid="00700680-0000-01d5-0000-000000000000" name="facade" label="%facade" metaclass="Package" is-hidden="false">
			<icons>
				<small path="" />
				<explorer path="" />
				<diagram path="" />
			</icons>
		</stereotype>
		<stereotype uid="01ec1228-0000-0964-0000-000000000000" name="flow" label="%flow" metaclass="Dependency" is-hidden="false">
			<icons>
				<small path="res/bmp/dataflow.png" />
				<explorer path="res/bmp/dataflow.png" />
				<diagram path="" />
			</icons>
		</stereotype>
		<stereotype uid="00700680-0000-01db-0000-000000000000" name="frameWork" label="%frameWork" metaclass="Package" is-hidden="false">
			<icons>
				<small path="" />
				<explorer path="" />
				<diagram path="" />
			</icons>
		</stereotype>
		<stereotype uid="00700680-0000-01ca-0000-000000000000" name="friend" label="%friend" metaclass="ElementImport" is-hidden="false">
			<icons>
				<small path="" />
				<explorer path="" />
				<diagram path="" />
			</icons>
		</stereotype>
		<stereotype uid="01ec2468-0000-0ac1-0000-000000000000" name="impact_root" label="%impact_root" metaclass="Dependency" is-hidden="false">
			<icons>
				<small path="" />
				<explorer path="" />
				<diagram path="" />
			</icons>
		</stereotype>
		<stereotype uid="01ec2468-0000-0ac6-0000-000000000000" name="impact_subroot" label="%impact_subroot" metaclass="Dependency" is-hidden="false">
			<icons>
				<small path="" />
				<explorer path="" />
				<diagram path="" />
			</icons>
		</stereotype>
		<stereotype uid="00700680-0000-01c7-0000-000000000000" name="implementation" label="%implementation" metaclass="Generalization" is-hidden="false">
			<icons>
				<small path="res/bmp/realization.png" />
				<explorer path="res/bmp/realization.png" />
				<diagram path="" />
			</icons>
		</stereotype>
		<stereotype uid="00bc0050-0000-006b-0000-000000000000" name="implementationClass" label="%implementationClass" metaclass="Class" is-hidden="false">
			<icons>
				<small path="" />
				<explorer path="" />
				<diagram path="" />
			</icons>
		</stereotype>
		<stereotype uid="00700680-0000-01b8-0000-000000000000" name="implicit" label="%implicit" metaclass="Association" is-hidden="false">
			<icons>
				<small path="" />
				<explorer path="" />
				<diagram path="" />
			</icons>
		</stereotype>
		<stereotype uid="00700680-0000-01ce-0000-000000000000" name="import" label="%import" metaclass="ElementImport" is-hidden="false">
			<icons>
				<small path="" />
				<explorer path="" />
				<diagram path="" />
			</icons>
		</stereotype>
		<stereotype uid="00000000-0000-9c49-0000-000000000000" name="include" label="%include" metaclass="UseCaseDependency" is-hidden="false">
			<icons>
				<small path="res/bmp/usecasedependencyinclude.png" />
				<explorer path="res/bmp/usecasedependencyinclude.png" />
				<diagram path="" />
			</icons>
		</stereotype>
		<stereotype uid="00700680-0000-01f7-0000-000000000000" name="incomplete" label="%incomplete" metaclass="Constraint" is-hidden="false">
			<icons>
				<small path="" />
				<explorer path="" />
				<diagram path="" />
			</icons>
		</stereotype>
		<stereotype uid="00700680-0000-01e5-0000-000000000000" name="instantiate" label="%instantiate" metaclass="ElementImport" is-hidden="false">
			<icons>
				<small path="" />
				<explorer path="" />
				<diagram path="" />
			</icons>
		</stereotype>
		<stereotype uid="00000000-0000-9c44-0000-000000000000" name="invariant" label="%invariant" metaclass="Constraint" is-hidden="false">
			<icons>
				<small path="" />
				<explorer path="" />
				<diagram path="" />
			</icons>
		</stereotype>
		<stereotype uid="00700680-0000-01c5-0000-000000000000" name="library" label="%library" metaclass="Artifact" is-hidden="false">
			<icons>
				<small path="" />
				<explorer path="" />
				<diagram path="" />
			</icons>
		</stereotype>
		<stereotype uid="00700680-0000-01bd-0000-000000000000" name="metaclass" label="%metaclass" metaclass="Classifier" is-hidden="false">
			<icons>
				<small path="" />
				<explorer path="" />
				<diagram path="" />
			</icons>
		</stereotype>
		<stereotype uid="00700680-0000-01e7-0000-000000000000" name="metamodel" label="%metamodel" metaclass="Package" is-hidden="false">
			<icons>
				<small path="" />
				<explorer path="" />
				<diagram path="" />
			</icons>
		</stereotype>
		<stereotype uid="00700680-0000-01f9-0000-000000000000" name="new" label="%new" metaclass="Constraint" is-hidden="false">
			<icons>
				<small path="" />
				<explorer path="" />
				<diagram path="" />
			</icons>
		</stereotype>
		<stereotype uid="00540a84-0000-0003-0000-000000000000" name="ordered" label="%ordered" metaclass="Constraint" is-hidden="false">
			<icons>
				<small path="" />
				<explorer path="" />
				<diagram path="" />
			</icons>
		</stereotype>
		<stereotype uid="00700680-0000-01fb-0000-000000000000" name="overlapping" label="%overlapping" metaclass="Constraint" is-hidden="false">
			<icons>
				<small path="" />
				<explorer path="" />
				<diagram path="" />
			</icons>
		</stereotype>
		<stereotype uid="00000000-0000-9c46-0000-000000000000" name="postcondition" label="%postcondition" metaclass="Constraint" is-hidden="false">
			<icons>
				<small path="" />
				<explorer path="" />
				<diagram path="" />
			</icons>
		</stereotype>
		<stereotype uid="00000000-0000-9c45-0000-000000000000" name="precondition" label="%precondition" metaclass="Constraint" is-hidden="false">
			<icons>
				<small path="" />
				<explorer path="" />
				<diagram path="" />
			</icons>
		</stereotype>
		<stereotype uid="01ec1ac4-0000-2ef9-0000-000000000000" name="primary" label="%primary" metaclass="Actor" is-hidden="false">
			<icons>
				<small path="res/bmp/primary.png" />
				<explorer path="res/bmp/primary.png" />
				<diagram path="res/bmp/bigprimary.png" />
			</icons>
		</stereotype>
		<stereotype uid="00700680-0000-01ef-0000-000000000000" name="process" label="%process" metaclass="Classifier" is-hidden="false">
			<icons>
				<small path="" />
				<explorer path="" />
				<diagram path="" />
			</icons>
		</stereotype>
		<stereotype uid="01ec1ac4-0000-2eff-0000-000000000000" name="scenario" label="%scenario" metaclass="Interaction" is-hidden="false">
			<icons>
				<small path="res/bmp/scenario.png" />
				<explorer path="res/bmp/scenario.png" />
				<diagram path="res/bmp/bigscenario.png" />
			</icons>
		</stereotype>
		<stereotype uid="01ec1ac4-0000-2f04-0000-000000000000" name="secondary" label="%secondary" metaclass="Actor" is-hidden="false">
			<icons>
				<small path="res/bmp/secondary.png" />
				<explorer path="res/bmp/secondary.png" />
				<diagram path="res/bmp/bigsecondary.png" />
			</icons>
		</stereotype>
		<stereotype uid="00700680-0000-01d7-0000-000000000000" name="stub" label="%stub" metaclass="Package" is-hidden="false">
			<icons>
				<small path="" />
				<explorer path="" />
				<diagram path="" />
			</icons>
		</stereotype>
		<stereotype uid="00540a84-0000-0005-0000-000000000000" name="subset" label="%subset" metaclass="Constraint" is-hidden="false">
			<icons>
				<small path="" />
				<explorer path="" />
				<diagram path="" />
			</icons>
		</stereotype>
		<stereotype uid="00700680-0000-01d3-0000-000000000000" name="subsystem" label="%subsystem" metaclass="Package" is-hidden="false">
			<icons>
				<small path="res/bmp/subsystem.png" />
				<explorer path="res/bmp/subsystem.png" />
				<diagram path="" />
			</icons>
		</stereotype>
		<stereotype uid="01ec1ac4-0000-2f09-0000-000000000000" name="system" label="%system" metaclass="Actor" is-hidden="false">
			<icons>
				<small path="res/bmp/system.png" />
				<explorer path="res/bmp/system.png" />
				<diagram path="res/bmp/bigsystem.png" />
			</icons>
		</stereotype>
		<stereotype uid="007006dc-0000-0137-0000-000000000000" name="system" label="%system" metaclass="Package" is-hidden="false">
			<icons>
				<small path="res/bmp/system.png" />
				<explorer path="res/bmp/system.png" />
				<diagram path="res/bmp/bigsystem.png" />
			</icons>
		</stereotype>
		<stereotype uid="0054070c-0000-005d-0000-000000000000" name="throw" label="%throw" metaclass="ElementImport" is-hidden="false">
			<icons>
				<small path="res/bmp/raisedexception.png" />
				<explorer path="res/bmp/raisedexception.png" />
				<diagram path="" />
			</icons>
		</stereotype>
		<stereotype uid="00700680-0000-01d9-0000-000000000000" name="topLevel" label="%topLevel" metaclass="Package" is-hidden="false">
			<icons>
				<small path="" />
				<explorer path="" />
				<diagram path="" />
			</icons>
		</stereotype>
		<stereotype uid="01280500-0000-0b37-0000-000000000000" name="trace" label="%trace" metaclass="Dependency" is-hidden="false">
			<icons>
				<small path="res/bmp/traceability.png" />
				<explorer path="res/bmp/traceability.png" />
				<diagram path="" />
			</icons>
		</stereotype>
		<stereotype uid="00700680-0000-01fe-0000-000000000000" name="transient" label="%transient" metaclass="Constraint" is-hidden="false">
			<icons>
				<small path="" />
				<explorer path="" />
				<diagram path="" />
			</icons>
		</stereotype>
		<stereotype uid="00700680-0000-01ba-0000-000000000000" name="type" label="%type" metaclass="Class" is-hidden="false">
			<icons>
				<small path="" />
				<explorer path="" />
				<diagram path="" />
			</icons>
		</stereotype>
		<stereotype uid="00700680-0000-01bf-0000-000000000000" name="utility" label="%utility" metaclass="Classifier" is-hidden="false">
			<icons>
				<small path="" />
				<explorer path="" />
				<diagram path="" />
			</icons>
		</stereotype>
		<stereotype uid="00700680-0000-0200-0000-000000000000" name="xor" label="%xor" metaclass="Constraint" is-hidden="false">
			<icons>
				<small path="" />
				<explorer path="" />
				<diagram path="" />
			</icons>
		</stereotype>
		<stereotype uid="002005c0-0001-0007-0000-000000000000" name="class" label="%class" metaclass="StaticDiagram" is-hidden="true">
			<icons>
				<small path="res/bmp/staticdiagram_class.png" />
				<explorer path="res/bmp/staticdiagram_class.png" />
				<diagram path="res/bmp/staticdiagram_class_image.png" />
			</icons>
		</stereotype>
		<stereotype uid="00bc3ac0-0000-0d9a-0000-000000000000" name="collaboration" label="%collaboration" metaclass="StaticDiagram" is-hidden="true">
			<icons>
				<small path="res/bmp/staticdiagram_collaboration.png" />
				<explorer path="res/bmp/staticdiagram_collaboration.png" />
				<diagram path="res/bmp/staticdiagram_collaboration_image.png" />
			</icons>
		</stereotype>
		<stereotype uid="00bc4480-0000-06a8-0000-000000000000" name="communication" label="%communication" metaclass="StaticDiagram" is-hidden="true">
			<icons>
				<small path="res/bmp/staticdiagram_communication.png" />
				<explorer path="res/bmp/staticdiagram_communication.png" />
				<diagram path="res/bmp/staticdiagram_communication_image.png" />
			</icons>
		</stereotype>
		<stereotype uid="002005c0-0001-000f-0000-000000000000" name="deployment" label="%deployment" metaclass="StaticDiagram" is-hidden="true">
			<icons>
				<small path="res/bmp/staticdiagram_deployment.png" />
				<explorer path="res/bmp/staticdiagram_deployment.png" />
				<diagram path="res/bmp/staticdiagram_deployment_image.png" />
			</icons>
		</stereotype>
		<stereotype uid="01ec2468-0000-0acb-0000-000000000000" name="impact" label="%impact" metaclass="StaticDiagram" is-hidden="true">
			<icons>
				<small path="res/bmp/staticdiagram_impact.png" />
				<explorer path="res/bmp/staticdiagram_impact.png" />
				<diagram path="res/bmp/staticdiagram_impact_image.png" />
			</icons>
		</stereotype>
		<stereotype uid="002005c0-0001-000d-0000-000000000000" name="object" label="%object" metaclass="StaticDiagram" is-hidden="true">
			<icons>
				<small path="res/bmp/staticdiagram_object.png" />
				<explorer path="res/bmp/staticdiagram_object.png" />
				<diagram path="res/bmp/staticdiagram_object_image.png" />
			</icons>
		</stereotype>
		<stereotype uid="002005c0-0001-0011-0000-000000000000" name="state" label="%state" metaclass="StaticDiagram" is-hidden="true">
			<icons>
				<small path="res/bmp/staticdiagram_state.png" />
				<explorer path="res/bmp/staticdiagram_state.png" />
				<diagram path="res/bmp/staticdiagram_state_image.png" />
			</icons>
		</stereotype>
		<stereotype uid="002005c0-0001-0009-0000-000000000000" name="usecase" label="%usecase" metaclass="StaticDiagram" is-hidden="true">
			<icons>
				<small path="res/bmp/staticdiagram_usecase.png" />
				<explorer path="res/bmp/staticdiagram_usecase.png" />
				<diagram path="res/bmp/staticdiagram_usecase_image.png" />
			</icons>
		</stereotype>
		<stereotype uid="2961d57b-5120-11de-bbaf-00218648fa3d" name="related_diagram" label="%related_diagram" metaclass="Dependency" is-hidden="false">
			<icons>
				<small path="res/bmp/relateddiagram.png" />
				<explorer path="res/bmp/relateddiagram.png" />
				<diagram path="" />
			</icons>
		</stereotype>
	</profile>
	<profile uid="1be2e3fc-27ca-11e1-8d9c-002564c97630" name="Analyst">
	  <!-- Dictionary -->
		<anonymous-stereotype uid="67dbba9d-2d0c-11df-8003-00137279a5d1" metaclass="Dictionary">
			<taggedvalues uid="69c6e0a5-2d0c-11df-8003-00137279a5d1" name="editionsize" label="%Size" parameter-card="*" is-hidden="true" is-signed="false" />
		</anonymous-stereotype>
		<stereotype uid="01ec1228-0000-17c9-0000-000000000000" name="dictionary" label="%dictionary" metaclass="Dictionary" is-hidden="true">
			<icons>
				<small path="res/bmp/dictionary.png" />
				<explorer path="res/bmp/dictionary.png" />
				<diagram path="res/bmp/bigdictionary.png" />
			</icons>
		</stereotype>
		<stereotype uid="01ec141c-0000-12fc-0000-000000000000" name="dictionary_propertyset" label="%dictionary_propertyset" metaclass="PropertySet" is-hidden="true">
			<icons>
				<small path="" />
				<explorer path="" />
				<diagram path="" />
			</icons>
		</stereotype>
		<stereotype uid="01ec12fc-0000-0c02-0000-000000000000" name="dictionary_diagram" label="%dictionary_diagram" metaclass="StaticDiagram" is-hidden="true">
			<icons>
				<small path="res/bmp/staticdiagram_dictionary.png" />
				<explorer path="res/bmp/staticdiagram_dictionary.png" />
				<diagram path="res/bmp/staticdiagram_dictionary_image.png" />
			</icons>
		</stereotype>
		<stereotype uid="01ec1228-0000-17cf-0000-000000000000" name="term" label="%term" metaclass="Term" is-hidden="true">
			<icons>
				<small path="res/bmp/term.png" />
				<explorer path="res/bmp/term.png" />
				<diagram path="res/bmp/bigterm.png" />
			</icons>
			<externdocumenttype uid="316a4eff-219e-11e1-b44e-002564c97630" name="term" label="%term" is-hidden="true" />
			<taggedvalues uid="3a19d3f0-375e-11df-8692-00137279a5d1" name="editionsize" label="%Size" parameter-card="1" is-hidden="true" is-signed="false" />
		</stereotype>
		
    <!-- business rule -->
		<stereotype uid="01ec12fc-0000-0aca-0000-000000000000" name="business_rule_diagram" label="%business_rule_diagram" metaclass="StaticDiagram" is-hidden="true">
			<icons>
				<small path="res/bmp/staticdiagram_business_rule.png" />
				<explorer path="res/bmp/staticdiagram_business_rule.png" />
				<diagram path="res/bmp/staticdiagram_business_rule_image.png" />
			</icons>
		</stereotype>
		<stereotype uid="01ec12fc-0000-0a3c-0000-000000000000" name="business_rule" label="%business_rule" metaclass="Requirement" is-hidden="true">
			<icons>
				<small path="res/bmp/requirement_business_rule.png" />
				<explorer path="res/bmp/requirement_business_rule.png" />
				<diagram path="res/bmp/bigrequirement_business_rule.png" />
			</icons>
			<externdocumenttype uid="9ede8a0a-2176-11e1-a46e-002564c97630" name="business_rule" label="%business_rule" is-hidden="true" />
		</stereotype>
		<stereotype uid="01ec12fc-0000-0ac5-0000-000000000000" name="business_rule_container" label="%business_rule_container" metaclass="RequirementContainer" is-hidden="true">
			<icons>
				<small path="res/bmp/requirementcontainer_business_rule.png" />
				<explorer path="res/bmp/requirementcontainer_business_rule.png" />
				<diagram path="res/bmp/bigrequirementcontainer_business_rule.png" />
			</icons>
		</stereotype>
		<stereotype uid="01ec141c-0000-1301-0000-000000000000" name="business_rule_propertyset" label="%business_rule_propertyset" metaclass="PropertySet" is-hidden="true">
			<icons>
				<small path="" />
				<explorer path="" />
				<diagram path="" />
			</icons>
		</stereotype>
		
		<!-- requirement -->
		<anonymous-stereotype uid="3f729d49-2d0c-11df-8003-00137279a5d1" metaclass="RequirementContainer">
			<taggedvalues uid="525a482e-2d0a-11df-9cca-00137279a5d1" name="editionsize" label="%Size" parameter-card="*" is-hidden="true" is-signed="false" />
		</anonymous-stereotype>
		<stereotype uid="01ec1228-0000-108e-0000-000000000000" name="requirement" label="%requirement" metaclass="Requirement" is-hidden="true">
			<icons>
				<small path="res/bmp/requirement.png" />
				<explorer path="res/bmp/requirement.png" />
				<diagram path="res/bmp/bigrequirement.png" />
			</icons>
			<externdocumenttype uid="9f290272-2176-11e1-a46e-002564c97630" name="requirement" label="%requirement" is-hidden="true" />
			<taggedvalues uid="248a4be6-375e-11df-8692-00137279a5d1" name="editionsize" label="%Size" parameter-card="1" is-hidden="true" is-signed="false" />
		</stereotype>
		<stereotype uid="01ec1228-0000-1093-0000-000000000000" name="requirement_container" label="%requirement_container" metaclass="RequirementContainer" is-hidden="true">
			<icons>
				<small path="res/bmp/requirementcontainer.png" />
				<explorer path="res/bmp/requirementcontainer.png" />
				<diagram path="res/bmp/bigrequirementcontainer.png" />
			</icons>
		</stereotype>
		<stereotype uid="01ec141c-0000-12f7-0000-000000000000" name="requirement_propertyset" label="%requirement_propertyset" metaclass="PropertySet" is-hidden="true">
			<icons>
				<small path="" />
				<explorer path="" />
				<diagram path="" />
			</icons>
		</stereotype>
		<stereotype uid="01ec12fc-0000-0bfd-0000-000000000000" name="requirement_diagram" label="%requirement_diagram" metaclass="StaticDiagram" is-hidden="true">
			<icons>
				<small path="res/bmp/staticdiagram_requirement.png" />
				<explorer path="res/bmp/staticdiagram_requirement.png" />
				<diagram path="res/bmp/staticdiagram_requirement_image.png" />
			</icons>
		</stereotype>
		
		<!-- goal -->
		<stereotype uid="01ec12fc-0000-0271-0000-000000000000" name="goal" label="%goal" metaclass="Requirement" is-hidden="true">
			<icons>
				<small path="res/bmp/requirement_goal.png" />
				<explorer path="res/bmp/requirement_goal.png" />
				<diagram path="res/bmp/bigrequirement_goal.png" />
			</icons>
			<externdocumenttype uid="9f737ada-2176-11e1-a46e-002564c97630" name="goal" label="%goal" is-hidden="true" />
		</stereotype>
		<stereotype uid="01ec12fc-0000-0a32-0000-000000000000" name="goal_container" label="%goal_container" metaclass="RequirementContainer" is-hidden="true">
			<icons>
				<small path="res/bmp/requirementcontainer_goal.png" />
				<explorer path="res/bmp/requirementcontainer_goal.png" />
				<diagram path="res/bmp/bigrequirementcontainer_goal.png" />
			</icons>
		</stereotype>
		<stereotype uid="01ec141c-0000-12f2-0000-000000000000" name="goal_propertyset" label="%goal_propertyset" metaclass="PropertySet" is-hidden="true">
			<icons>
				<small path="" />
				<explorer path="" />
				<diagram path="" />
			</icons>
		</stereotype>
		<stereotype uid="01ec12fc-0000-0a37-0000-000000000000" name="goal_diagram" label="%goal_diagram" metaclass="StaticDiagram" is-hidden="true">
			<icons>
				<small path="res/bmp/staticdiagram_goal.png" />
				<explorer path="res/bmp/staticdiagram_goal.png" />
				<diagram path="res/bmp/staticdiagram_goal_image.png" />
			</icons>
		</stereotype>
		
	  <!-- dependencies -->
		<stereotype uid="01ec12fc-0000-00b7-0000-000000000000" name="part" label="%part" metaclass="Dependency" is-hidden="false">
			<icons>
				<small path="res/bmp/dependency_part.png" />
				<explorer path="res/bmp/dependency_part.png" />
				<diagram path="" />
			</icons>
		</stereotype>
		<stereotype uid="01ec12fc-0000-021a-0000-000000000000" name="derive" label="%derive" metaclass="Dependency" is-hidden="false">
			<icons>
				<small path="res/bmp/dependency_derive.png" />
				<explorer path="res/bmp/dependency_derive.png" />
				<diagram path="" />
			</icons>
		</stereotype>
		<stereotype uid="01ec12fc-0000-0224-0000-000000000000" name="satisfy" label="%satisfy" metaclass="Dependency" is-hidden="false">
			<icons>
				<small path="res/bmp/dependency_satisfy.png" />
				<explorer path="res/bmp/dependency_satisfy.png" />
				<diagram path="" />
			</icons>
		</stereotype>
		<stereotype uid="01ec12fc-0000-0229-0000-000000000000" name="verify" label="%verify" metaclass="Dependency" is-hidden="false">
			<icons>
				<small path="res/bmp/dependency_verify.png" />
				<explorer path="res/bmp/dependency_verify.png" />
				<diagram path="" />
			</icons>
		</stereotype>
		<stereotype uid="01ec12fc-0000-0265-0000-000000000000" name="refers" label="%refers" metaclass="Dependency" is-hidden="false">
			<icons>
				<small path="res/bmp/dependency_refers.png" />
				<explorer path="res/bmp/dependency_refers.png" />
				<diagram path="" />
			</icons>
		</stereotype>
		<stereotype uid="01ec12fc-0000-021f-0000-000000000000" name="refine" label="%refine" metaclass="Dependency" is-hidden="false">
			<icons>
				<small path="res/bmp/dependency_refine.png" />
				<explorer path="res/bmp/dependency_refine.png" />
				<diagram path="" />
			</icons>
		</stereotype>
		<stereotype uid="01ec12fc-0000-023d-0000-000000000000" name="related" label="%related" metaclass="Dependency" is-hidden="false">
			<icons>
				<small path="res/bmp/dependency_related.png" />
				<explorer path="res/bmp/dependency_related.png" />
				<diagram path="" />
			</icons>
		</stereotype>
		<stereotype uid="01ec12fc-0000-0260-0000-000000000000" name="implement" label="%implement" metaclass="Dependency" is-hidden="false">
			<icons>
				<small path="res/bmp/dependency_implement.png" />
				<explorer path="res/bmp/dependency_implement.png" />
				<diagram path="" />
			</icons>
		</stereotype>
		<stereotype uid="01ec12fc-0000-0247-0000-000000000000" name="+influence" label="%positive_influence" metaclass="Dependency" is-hidden="false">
			<icons>
				<small path="res/bmp/dependency_positiveinfluence.png" />
				<explorer path="res/bmp/dependency_positiveinfluence.png" />
				<diagram path="" />
			</icons>
		</stereotype>
		<stereotype uid="01ec12fc-0000-024c-0000-000000000000" name="-influence" label="%negative_influence" metaclass="Dependency" is-hidden="false">
			<icons>
				<small path="res/bmp/dependency_negativeinfluence.png" />
				<explorer path="res/bmp/dependency_negativeinfluence.png" />
				<diagram path="" />
			</icons>
		</stereotype>
		<stereotype uid="01ec12fc-0000-0251-0000-000000000000" name="guarantee" label="%guarantee" metaclass="Dependency" is-hidden="false">
			<icons>
				<small path="res/bmp/dependency_guarantee.png" />
				<explorer path="res/bmp/dependency_guarantee.png" />
				<diagram path="" />
			</icons>
		</stereotype>
		<stereotype uid="01ec12fc-0000-0238-0000-000000000000" name="homonym" label="%homonym" metaclass="Dependency" is-hidden="false">
			<icons>
				<small path="res/bmp/dependency_homonym.png" />
				<explorer path="res/bmp/dependency_homonym.png" />
				<diagram path="" />
			</icons>
		</stereotype>
		<stereotype uid="01ec12fc-0000-0256-0000-000000000000" name="measure" label="%measure" metaclass="Dependency" is-hidden="false">
			<icons>
				<small path="res/bmp/dependency_measure.png" />
				<explorer path="res/bmp/dependency_measure.png" />
				<diagram path="" />
			</icons>
		</stereotype>
		<stereotype uid="01ec12fc-0000-0233-0000-000000000000" name="antonym" label="%antonym" metaclass="Dependency" is-hidden="false">
			<icons>
				<small path="res/bmp/dependency_antonym.png" />
				<explorer path="res/bmp/dependency_antonym.png" />
				<diagram path="" />
			</icons>
		</stereotype>
		<stereotype uid="01ec12fc-0000-025b-0000-000000000000" name="assigned" label="%assigned" metaclass="Dependency" is-hidden="false">
			<icons>
				<small path="res/bmp/dependency_assigned.png" />
				<explorer path="res/bmp/dependency_assigned.png" />
				<diagram path="" />
			</icons>
		</stereotype>
		<stereotype uid="01ec12fc-0000-022e-0000-000000000000" name="synonym" label="%synonym" metaclass="Dependency" is-hidden="false">
			<icons>
				<small path="res/bmp/dependency_synonym.png" />
				<explorer path="res/bmp/dependency_synonym.png" />
				<diagram path="" />
			</icons>
		</stereotype>
		<stereotype uid="01ec12fc-0000-0242-0000-000000000000" name="context" label="%context" metaclass="Dependency" is-hidden="false">
			<icons>
				<small path="res/bmp/dependency_context.png" />
				<explorer path="res/bmp/dependency_context.png" />
				<diagram path="" />
			</icons>
		</stereotype>
		<stereotype uid="01ec1228-0000-12f8-0000-000000000000" name="kind-of" label="%kind-of" metaclass="Dependency" is-hidden="false">
			<icons>
				<small path="res/bmp/dependency_derive.png" />
				<explorer path="res/bmp/dependency_derive.png" />
				<diagram path="" />
			</icons>
		</stereotype>
	</profile>
	<profile uid="01ec045c-0000-3739-0000-000000000000" name="XMI">
		<anonymous-stereotype uid="01ec045c-0000-10a1-0000-000000000000" metaclass="ModelElement">
			<taggedvalues uid="01ec045c-0000-373f-0000-000000000000" name="XMIImported" label="%XMIImported" parameter-card="0" is-hidden="true" is-signed="false" />
			<taggedvalues uid="1cbf4295-9bcf-11e0-8162-0027103f347c" name="NotExported" label="%NotExported" parameter-card="0" is-hidden="false" is-signed="false" />
		</anonymous-stereotype>
		<anonymous-stereotype uid="7a804dc3-44ec-11e0-8f73-0027103f347c" metaclass="AssociationEnd">
			<taggedvalues uid="7e92b0f6-44ec-11e0-8f73-0027103f347c" name="IsOwnedByClassifier" label="%isOwnedByClassifier" parameter-card="0" is-hidden="false" is-signed="false" />
		</anonymous-stereotype>
		<stereotype uid="b355cc6c-c4aa-11df-b100-001302895b2b" name="UML2Abstraction" label="%abstraction" metaclass="Dependency" is-hidden="false">
			<icons>
				<small path="" />
				<explorer path="" />
				<diagram path="" />
			</icons>
		</stereotype>
		<stereotype uid="0bd72298-5d08-11df-a996-001302895b2b" name="UML2ActionInputPin" label="%actionInputPin" metaclass="InputPin" is-hidden="false">
			<icons>
				<small path="" />
				<explorer path="" />
				<diagram path="" />
			</icons>
		</stereotype>
		<stereotype uid="994fc1e3-c2f9-11de-8ac8-001302895b2b" name="UML2AddStructuralFeatureValueAction" label="%addStructuralFeatureValueAction" metaclass="OpaqueAction" is-hidden="false">
			<icons>
				<small path="" />
				<explorer path="" />
				<diagram path="" />
			</icons>
		</stereotype>
		<stereotype uid="89326f2e-c2fc-11de-8ac8-001302895b2b" name="UML2AddVariableValueAction" label="%addVariableValueAction" metaclass="OpaqueAction" is-hidden="false">
			<icons>
				<small path="" />
				<explorer path="" />
				<diagram path="" />
			</icons>
		</stereotype>
		<stereotype uid="ee97796b-de99-11de-905b-001302895b2b" name="UML2AssociationReference" label="%association" metaclass="Dependency" is-hidden="false">
			<icons>
				<small path="" />
				<explorer path="" />
				<diagram path="" />
			</icons>
		</stereotype>
		<stereotype uid="edc05471-5d08-11df-a996-001302895b2b" name="UML2BroadcastSignalAction" label="%broadcastSignalAction" metaclass="SendSignalAction" is-hidden="false">
			<icons>
				<small path="" />
				<explorer path="" />
				<diagram path="" />
			</icons>
		</stereotype>
		<stereotype uid="4a427283-5d09-11df-a996-001302895b2b" name="UML2ClassifierTemplateParameter" label="%classifierTemplateParameter" metaclass="TemplateParameter" is-hidden="false">
			<icons>
				<small path="" />
				<explorer path="" />
				<diagram path="" />
			</icons>
		</stereotype>
		<stereotype uid="ed95fa9b-de99-11de-905b-001302895b2b" name="UML2ClassifierReference" label="%classifier" metaclass="Dependency" is-hidden="false">
			<icons>
				<small path="" />
				<explorer path="" />
				<diagram path="" />
			</icons>
		</stereotype>
		<stereotype uid="89927bbf-c2f9-11de-8ac8-001302895b2b" name="UML2ClearAssociationAction" label="%clearAssociationAction" metaclass="OpaqueAction" is-hidden="false">
			<icons>
				<small path="" />
				<explorer path="" />
				<diagram path="" />
			</icons>
		</stereotype>
		<stereotype uid="9fb5321d-c2fc-11de-8ac8-001302895b2b" name="UML2ClearStructuralFeatureAction" label="%clearStructuralFeatureAction" metaclass="OpaqueAction" is-hidden="false">
			<icons>
				<small path="" />
				<explorer path="" />
				<diagram path="" />
			</icons>
		</stereotype>
		<stereotype uid="b071b025-c2fc-11de-8ac8-001302895b2b" name="UML2ClearVariableAction" label="%clearVariableAction" metaclass="OpaqueAction" is-hidden="false">
			<icons>
				<small path="" />
				<explorer path="" />
				<diagram path="" />
			</icons>
		</stereotype>
		<stereotype uid="8ed6276e-5821-11df-be59-001302895b2b" name="UML2CommunicationPath" label="%communicationPath" metaclass="Association" is-hidden="false">
			<icons>
				<small path="" />
				<explorer path="" />
				<diagram path="" />
			</icons>
		</stereotype>
		<stereotype uid="99bf7919-5d09-11df-a996-001302895b2b" name="UML2ComponentRealization" label="%componentRealization" metaclass="Dependency" is-hidden="false">
			<icons>
				<small path="" />
				<explorer path="" />
				<diagram path="" />
			</icons>
		</stereotype>
		<stereotype uid="ff6e0375-5d09-11df-a996-001302895b2b" name="UML2ConnectableElementTemplateParameter" label="%connectableElementTemplateParameter" metaclass="TemplateParameter" is-hidden="false">
			<icons>
				<small path="" />
				<explorer path="" />
				<diagram path="" />
			</icons>
		</stereotype>
		<stereotype uid="67694a37-c2f9-11de-8ac8-001302895b2b" name="UML2CreateLinkAction" label="%createLinkAction" metaclass="OpaqueAction" is-hidden="false">
			<icons>
				<small path="" />
				<explorer path="" />
				<diagram path="" />
			</icons>
		</stereotype>
		<stereotype uid="f8e58a85-c2fa-11de-8ac8-001302895b2b" name="UML2CreateLinkObjectAction" label="%createLinkObjectAction" metaclass="OpaqueAction" is-hidden="false">
			<icons>
				<small path="" />
				<explorer path="" />
				<diagram path="" />
			</icons>
		</stereotype>
		<stereotype uid="5582e283-c2f9-11de-8ac8-001302895b2b" name="UML2CreateObjectAction" label="%createObjectAction" metaclass="OpaqueAction" is-hidden="false">
			<icons>
				<small path="" />
				<explorer path="" />
				<diagram path="" />
			</icons>
		</stereotype>
		<stereotype uid="4edcbbef-5d0a-11df-a996-001302895b2b" name="UML2CreationEvent" label="%creationEvent" metaclass="Event" is-hidden="false">
			<icons>
				<small path="" />
				<explorer path="" />
				<diagram path="" />
			</icons>
		</stereotype>
		<stereotype uid="6faa55e3-5d0b-11df-a996-001302895b2b" name="UML2Deployment" label="%deployment" metaclass="Dependency" is-hidden="false">
			<icons>
				<small path="" />
				<explorer path="" />
				<diagram path="" />
			</icons>
		</stereotype>
		<stereotype uid="8c44d73d-5d0b-11df-a996-001302895b2b" name="UML2DeploymentSpecification" label="%deploymentSpecification" metaclass="Artifact" is-hidden="false">
			<icons>
				<small path="" />
				<explorer path="" />
				<diagram path="" />
			</icons>
		</stereotype>
		<stereotype uid="744f6321-c2f9-11de-8ac8-001302895b2b" name="UML2DestroyLinkAction" label="%destroyLinkAction" metaclass="OpaqueAction" is-hidden="false">
			<icons>
				<small path="" />
				<explorer path="" />
				<diagram path="" />
			</icons>
		</stereotype>
		<stereotype uid="cf671bc3-c2f9-11de-8ac8-001302895b2b" name="UML2DestroyObjectAction" label="%destroyObjectAction" metaclass="OpaqueAction" is-hidden="false">
			<icons>
				<small path="" />
				<explorer path="" />
				<diagram path="" />
			</icons>
		</stereotype>
		<stereotype uid="c0f03827-5d0b-11df-a996-001302895b2b" name="UML2DestructionEvent" label="%destructionEvent" metaclass="Event" is-hidden="false">
			<icons>
				<small path="" />
				<explorer path="" />
				<diagram path="" />
			</icons>
		</stereotype>
		<stereotype uid="6f3c6234-52b8-11df-a320-001302895b2b" name="UML2Device" label="%device" metaclass="Node" is-hidden="false">
			<icons>
				<small path="" />
				<explorer path="" />
				<diagram path="" />
			</icons>
		</stereotype>
		<stereotype uid="ee06097f-de99-11de-905b-001302895b2b" name="UML2EndCreationDataReference" label="%endCreationData" metaclass="Dependency" is-hidden="false">
			<icons>
				<small path="" />
				<explorer path="" />
				<diagram path="" />
			</icons>
		</stereotype>
		<stereotype uid="5d167c0f-df53-11de-b2b1-001302895b2b" name="UML2EndData_Reference" label="%endCreationData" metaclass="Dependency" is-hidden="false">
			<icons>
				<small path="" />
				<explorer path="" />
				<diagram path="" />
			</icons>
		</stereotype>
		<stereotype uid="a74178fb-df2b-11de-905b-001302895b2b" name="UML2EndDestructionDataReference" label="%endDestructionData" metaclass="Dependency" is-hidden="false">
			<icons>
				<small path="" />
				<explorer path="" />
				<diagram path="" />
			</icons>
			<taggedvalues uid="6f99afff-df2d-11de-905b-001302895b2b" name="IsDestroyDuplicates" label="%isDestroyDuplicates" parameter-card="0" is-hidden="false" is-signed="false" />
		</stereotype>
		<stereotype uid="1b7fd53f-205e-11df-948e-001302895b2b" name="UML2ExceptionHandler" label="%exceptionHandler" metaclass="ObjectFlow" is-hidden="false">
			<icons>
				<small path="" />
				<explorer path="" />
				<diagram path="" />
			</icons>
		</stereotype>
		<stereotype uid="4e477e48-35b4-11df-9280-001302895b2b" name="UML2ExceptionTypeReference" label="%exceptionType" metaclass="Dependency" is-hidden="false">
			<icons>
				<small path="" />
				<explorer path="" />
				<diagram path="" />
			</icons>
		</stereotype>
		<stereotype uid="8e76c95f-5821-11df-be59-001302895b2b" name="UML2ExecutionEnvironment" label="%executionEnvironment" metaclass="Node" is-hidden="false">
			<icons>
				<small path="" />
				<explorer path="" />
				<diagram path="" />
			</icons>
		</stereotype>
		<stereotype uid="15d2108f-5d0c-11df-a996-001302895b2b" name="UML2ExecutionEvent" label="%executionEvent" metaclass="Event" is-hidden="false">
			<icons>
				<small path="" />
				<explorer path="" />
				<diagram path="" />
			</icons>
		</stereotype>
		<stereotype uid="1b1ba62d-205e-11df-948e-001302895b2b" name="UML2ExpansionNode" label="%expansionNode" metaclass="Pin" is-hidden="false">
			<icons>
				<small path="" />
				<explorer path="" />
				<diagram path="" />
			</icons>
		</stereotype>
		<stereotype uid="07111319-1fd7-11df-948e-001302895b2b" name="UML2ExpansionRegion" label="%expansionRegion" metaclass="StructuredActivityNode" is-hidden="false">
			<icons>
				<small path="" />
				<explorer path="" />
				<diagram path="" />
			</icons>
			<taggedvalues uid="5930231e-3117-11df-b4ad-001302895b2b" name="Mode" label="%mode" parameter-card="1" is-hidden="true" is-signed="false" />
		</stereotype>
		<stereotype uid="4b4745a9-5d0c-11df-a996-001302895b2b" name="UML2Extension" label="%extension" metaclass="Association" is-hidden="false">
			<icons>
				<small path="" />
				<explorer path="" />
				<diagram path="" />
			</icons>
		</stereotype>
		<stereotype uid="770df309-5d0c-11df-a996-001302895b2b" name="UML2ExtensionEnd" label="%extensionEnd" metaclass="AssociationEnd" is-hidden="false">
			<icons>
				<small path="" />
				<explorer path="" />
				<diagram path="" />
			</icons>
		</stereotype>
		<stereotype uid="37d0688a-c308-11de-8ac8-001302895b2b" name="UML2First" label="%first" metaclass="InputPin" is-hidden="false">
			<icons>
				<small path="" />
				<explorer path="" />
				<diagram path="" />
			</icons>
		</stereotype>
		<stereotype uid="40400bbd-0b5d-11df-8680-001302895b2b" name="UML2GeneralizationSet" label="%generalizationSet" metaclass="Generalization" is-hidden="false">
			<icons>
				<small path="" />
				<explorer path="" />
				<diagram path="" />
			</icons>
			<taggedvalues uid="c2c549ec-26ab-11df-ac88-001302895b2b" name="Id" label="%Id" parameter-card="1" is-hidden="false" is-signed="false" />
		</stereotype>
		<stereotype uid="021863a9-f3db-11df-8ada-0027103f347c" name="UML2Interaction " label="%interaction" metaclass="Activity" is-hidden="false">
			<icons>
				<small path="" />
				<explorer path="" />
				<diagram path="" />
			</icons>
		</stereotype>
		<stereotype uid="e4358003-f3da-11df-8ada-0027103f347c" name="UML2InteractionOverviewDiagram " label="%Interaction_Overview_Diagram" metaclass="StaticDiagram" is-hidden="false">
			<icons>
				<small path="" />
				<explorer path="" />
				<diagram path="" />
			</icons>
		</stereotype>
		<stereotype uid="ec22d8ff-de86-11de-905b-001302895b2b" name="UML2InsertAt" label="%insertAt" metaclass="InputPin" is-hidden="false">
			<icons>
				<small path="" />
				<explorer path="" />
				<diagram path="" />
			</icons>
		</stereotype>
		<stereotype uid="e445c33b-de99-11de-905b-001302895b2b" name="UML2MethodReference" label="%method" metaclass="Dependency" is-hidden="false">
			<icons>
				<small path="" />
				<explorer path="" />
				<diagram path="" />
			</icons>
		</stereotype>
		<stereotype uid="07ba6521-5d0d-11df-a996-001302895b2b" name="UML2OperationTemplateParameter" label="%operationTemplateParameter" metaclass="Parameter" is-hidden="false">
			<icons>
				<small path="" />
				<explorer path="" />
				<diagram path="" />
			</icons>
		</stereotype>
		<stereotype uid="3edfb381-5d0d-11df-a996-001302895b2b" name="UML2ProtocolConformance" label="%protocolConformance" metaclass="Dependency" is-hidden="false">
			<icons>
				<small path="" />
				<explorer path="" />
				<diagram path="" />
			</icons>
		</stereotype>
		<stereotype uid="d09356f1-c2fc-11de-8ac8-001302895b2b" name="UML2RaiseExceptionAction" label="%raiseExceptionAction" metaclass="OpaqueAction" is-hidden="false">
			<icons>
				<small path="" />
				<explorer path="" />
				<diagram path="" />
			</icons>
		</stereotype>
		<stereotype uid="c4b3add1-c2f9-11de-8ac8-001302895b2b" name="UML2ReadExtentAction" label="%readExtentAction" metaclass="OpaqueAction" is-hidden="false">
			<icons>
				<small path="" />
				<explorer path="" />
				<diagram path="" />
			</icons>
		</stereotype>
		<stereotype uid="e4c6c55f-c2fc-11de-8ac8-001302895b2b" name="UML2ReadIsClassifierObjectAction" label="%readIsClassifierObjectAction" metaclass="OpaqueAction" is-hidden="false">
			<icons>
				<small path="" />
				<explorer path="" />
				<diagram path="" />
			</icons>
		</stereotype>
		<stereotype uid="6e2770bf-c2f9-11de-8ac8-001302895b2b" name="UML2ReadLinkAction" label="%readLinkAction" metaclass="OpaqueAction" is-hidden="false">
			<icons>
				<small path="" />
				<explorer path="" />
				<diagram path="" />
			</icons>
		</stereotype>
		<stereotype uid="f9061fa3-c2fc-11de-8ac8-001302895b2b" name="UML2ReadLinkObjectEndAction" label="%readLinkObjectEndAction" metaclass="OpaqueAction" is-hidden="false">
			<icons>
				<small path="" />
				<explorer path="" />
				<diagram path="" />
			</icons>
		</stereotype>
		<stereotype uid="06edcdd9-c2fd-11de-8ac8-001302895b2b" name="UML2ReadLinkObjectEndQualifierAction" label="%readLinkObjectEndQualifierAction" metaclass="OpaqueAction" is-hidden="false">
			<icons>
				<small path="" />
				<explorer path="" />
				<diagram path="" />
			</icons>
		</stereotype>
		<stereotype uid="120a35e7-c2fd-11de-8ac8-001302895b2b" name="UML2ReadSelfAction" label="%readSelfAction" metaclass="OpaqueAction" is-hidden="false">
			<icons>
				<small path="" />
				<explorer path="" />
				<diagram path="" />
			</icons>
		</stereotype>
		<stereotype uid="b9654705-c2f9-11de-8ac8-001302895b2b" name="UML2ReadStructuralFeatureAction" label="%readStructuralFeatureAction" metaclass="OpaqueAction" is-hidden="false">
			<icons>
				<small path="" />
				<explorer path="" />
				<diagram path="" />
			</icons>
		</stereotype>
		<stereotype uid="1abd18db-c2fd-11de-8ac8-001302895b2b" name="UML2ReadVariableAction" label="%readVariableAction" metaclass="OpaqueAction" is-hidden="false">
			<icons>
				<small path="" />
				<explorer path="" />
				<diagram path="" />
			</icons>
		</stereotype>
		<stereotype uid="a46b20b8-26ab-11df-ac88-001302895b2b" name="UML2Reception" label="%reception" metaclass="Operation" is-hidden="false">
			<icons>
				<small path="" />
				<explorer path="" />
				<diagram path="" />
			</icons>
		</stereotype>
		<stereotype uid="229bc921-c2fd-11de-8ac8-001302895b2b" name="UML2ReclassifyObjectAction" label="%reclassifyObjectAction" metaclass="OpaqueAction" is-hidden="false">
			<icons>
				<small path="" />
				<explorer path="" />
				<diagram path="" />
			</icons>
		</stereotype>
		<stereotype uid="90a0e341-5d0d-11df-a996-001302895b2b" name="UML2RedefinableTemplateSignature" label="%redefinableTemplateSignature" metaclass="Operation" is-hidden="false">
			<icons>
				<small path="" />
				<explorer path="" />
				<diagram path="" />
			</icons>
		</stereotype>
		<stereotype uid="2eb4ec1b-c2fd-11de-8ac8-001302895b2b" name="UML2ReduceAction" label="%reduceAction" metaclass="OpaqueAction" is-hidden="false">
			<icons>
				<small path="" />
				<explorer path="" />
				<diagram path="" />
			</icons>
		</stereotype>
		<stereotype uid="35b84299-c2fd-11de-8ac8-001302895b2b" name="UML2RemoveStructuralFeatureAction" label="%removeStructuralFeatureAction" metaclass="OpaqueAction" is-hidden="false">
			<icons>
				<small path="" />
				<explorer path="" />
				<diagram path="" />
			</icons>
		</stereotype>
		<stereotype uid="435869cb-c2fd-11de-8ac8-001302895b2b" name="UML2RemoveVariableValueAction" label="%removeVariableValueAction" metaclass="OpaqueAction" is-hidden="false">
			<icons>
				<small path="" />
				<explorer path="" />
				<diagram path="" />
			</icons>
		</stereotype>
		<stereotype uid="c6a579b6-5d0d-11df-a996-001302895b2b" name="UML2ReplyAction" label="%replyAction" metaclass="OpaqueAction" is-hidden="false">
			<icons>
				<small path="" />
				<explorer path="" />
				<diagram path="" />
			</icons>
		</stereotype>
		<stereotype uid="3f03c5f1-c308-11de-8ac8-001302895b2b" name="UML2Second" label="%second" metaclass="InputPin" is-hidden="false">
			<icons>
				<small path="" />
				<explorer path="" />
				<diagram path="" />
			</icons>
		</stereotype>
		<stereotype uid="52d7cccb-c2fd-11de-8ac8-001302895b2b" name="UML2SendObjectAction" label="%sendObjectAction" metaclass="OpaqueAction" is-hidden="false">
			<icons>
				<small path="" />
				<explorer path="" />
				<diagram path="" />
			</icons>
		</stereotype>
		<stereotype uid="fca54004-5d0d-11df-a996-001302895b2b" name="UML2SequenceNode" label="%sequenceNode" metaclass="StructuredActivityNode" is-hidden="false">
			<icons>
				<small path="" />
				<explorer path="" />
				<diagram path="" />
			</icons>
		</stereotype>
		<stereotype uid="5d357779-c2fd-11de-8ac8-001302895b2b" name="UML2StartClassifierBehaviorAction" label="%startClassifierBehaviorAction" metaclass="OpaqueAction" is-hidden="false">
			<icons>
				<small path="" />
				<explorer path="" />
				<diagram path="" />
			</icons>
		</stereotype>
		<stereotype uid="ed0bb1c3-de99-11de-905b-001302895b2b" name="UML2StructuralFeatureReference" label="%structuralFeature" metaclass="Dependency" is-hidden="false">
			<icons>
				<small path="" />
				<explorer path="" />
				<diagram path="" />
			</icons>
		</stereotype>
		<stereotype uid="aa99ee06-c495-11de-ada1-001302895b2b" name="UML2Target" label="%target" metaclass="InputPin" is-hidden="false">
			<icons>
				<small path="" />
				<explorer path="" />
				<diagram path="" />
			</icons>
		</stereotype>
		<stereotype uid="554cb8bb-5d0e-11df-a996-001302895b2b" name="UML2TemplateSignature" label="%templateSignature" metaclass="Operation" is-hidden="false">
			<icons>
				<small path="" />
				<explorer path="" />
				<diagram path="" />
			</icons>
		</stereotype>
		<stereotype uid="6a3f6989-c2fd-11de-8ac8-001302895b2b" name="UML2TestIdentityAction" label="%testIdentityAction" metaclass="OpaqueAction" is-hidden="false">
			<icons>
				<small path="" />
				<explorer path="" />
				<diagram path="" />
			</icons>
		</stereotype>
		<stereotype uid="76c174ab-c2fd-11de-8ac8-001302895b2b" name="UML2UnmarshallAction" label="%unmarshallAction" metaclass="OpaqueAction" is-hidden="false">
			<icons>
				<small path="" />
				<explorer path="" />
				<diagram path="" />
			</icons>
		</stereotype>
		<stereotype uid="eb8f06b7-de86-11de-905b-001302895b2b" name="UML2Value" label="%value" metaclass="InputPin" is-hidden="false">
			<icons>
				<small path="" />
				<explorer path="" />
				<diagram path="" />
			</icons>
		</stereotype>
		<stereotype uid="1c0bf642-a90f-11de-8613-001302895b2b" name="UML2ValueSpecificationAction" label="%valueSpecificationAction" metaclass="OpaqueAction" is-hidden="false">
			<icons>
				<small path="" />
				<explorer path="" />
				<diagram path="" />
			</icons>
			<taggedvalues uid="b1935f69-ac36-11de-aefc-001302895b2b" name="Value" label="%Value" parameter-card="1" is-hidden="false" is-signed="false" />
		</stereotype>
		<stereotype uid="33ea7558-fb93-11df-8b5e-0027103f347c" name="UML2Signal" label="%signal" metaclass="Dependency" is-hidden="false">
			<icons>
				<small path="" />
				<explorer path="" />
				<diagram path="" />
			</icons>
		</stereotype>
		<stereotype uid="fdbc7d78-32c7-11e0-91f3-0027103f347c" name="UML2BodyOutput" label="%bodyOutput" metaclass="OutputPin" is-hidden="false">
			<icons>
				<small path="" />
				<explorer path="" />
				<diagram path="" />
			</icons>
		</stereotype>
		<stereotype uid="27ac6d48-32c8-11e0-91f3-0027103f347c" name="UML2Decider" label="%decider" metaclass="OutputPin" is-hidden="false">
			<icons>
				<small path="" />
				<explorer path="" />
				<diagram path="" />
			</icons>
		</stereotype>
		<stereotype uid="76f275f9-32d9-11e0-91f3-0027103f347c" name="UML2Body" label="%body" metaclass="ActivityNode" is-hidden="false">
			<icons>
				<small path="" />
				<explorer path="" />
				<diagram path="" />
			</icons>
		</stereotype>
		<stereotype uid="86eada10-32d9-11e0-91f3-0027103f347c" name="UML2SetUp" label="%setup" metaclass="ActivityNode" is-hidden="false">
			<icons>
				<small path="" />
				<explorer path="" />
				<diagram path="" />
			</icons>
		</stereotype>
		<stereotype uid="bae91a3b-7009-11e0-a462-0027103f347c" name="UML2StereotypeProperty" label="%Stereotype_Property" metaclass="Class" is-hidden="false">
			<icons>
				<small path="" />
				<explorer path="" />
				<diagram path="" />
			</icons>
			<taggedvalues uid="c28e8b06-7009-11e0-a462-0027103f347c" name="Property" label="%Property" parameter-card="1" is-hidden="false" is-signed="false" />
		</stereotype>
		<stereotype uid="68c63e60-70d6-11e0-872f-0027103f347c" name="UML2PropertyType" label="%Property_type" metaclass="Attribute" is-hidden="false">
			<icons>
				<small path="" />
				<explorer path="" />
				<diagram path="" />
			</icons>
			<taggedvalues uid="68c63e61-70d6-11e0-872f-0027103f347c" name="Type" label="%Type" parameter-card="1" is-hidden="false" is-signed="false" />
		</stereotype>
	</profile>	
</module>