<?xml version="1.0" encoding="UTF-8" standalone="yes"?><Configuration><RuleGroup category="Activity"><Rule ruleId="R1010" severity="error" status="enabled"><Driver class="com.modeliosoft.modelio.audit.rules.R1010"/></Rule><Rule ruleId="R1020" severity="error" status="enabled"><Driver class="com.modeliosoft.modelio.audit.rules.R1020"/></Rule><Rule ruleId="R1030" severity="error" status="enabled"><Driver class="com.modeliosoft.modelio.audit.rules.R1030"/></Rule><Rule ruleId="R1040" severity="error" status="enabled"><Driver class="com.modeliosoft.modelio.audit.rules.R1040"/></Rule><Rule ruleId="R1050" severity="error" status="enabled"><Driver class="com.modeliosoft.modelio.audit.rules.R1050"/></Rule><Rule ruleId="R1060" severity="error" status="enabled"><Driver class="com.modeliosoft.modelio.audit.rules.R1060"/></Rule><Rule ruleId="R1070" severity="error" status="enabled"><Driver class="com.modeliosoft.modelio.audit.rules.R1070"/></Rule><Rule ruleId="R1080" severity="error" status="enabled"><Driver class="com.modeliosoft.modelio.audit.rules.R1080"/></Rule><Rule ruleId="R1090" severity="error" status="enabled"><Driver class="com.modeliosoft.modelio.audit.rules.R1090"/></Rule><Rule ruleId="R1100" severity="error" status="enabled"><Driver class="com.modeliosoft.modelio.audit.rules.R1100"/></Rule><Rule ruleId="R1110" severity="error" status="enabled"><Driver class="com.modeliosoft.modelio.audit.rules.R1110"/></Rule><Rule ruleId="R1130" severity="error" status="enabled"><Driver class="com.modeliosoft.modelio.audit.rules.R1130"/></Rule><Rule ruleId="R1140" severity="error" status="enabled"><Driver class="com.modeliosoft.modelio.audit.rules.R1140"/></Rule><Rule ruleId="R1150" severity="error" status="enabled"><Driver class="com.modeliosoft.modelio.audit.rules.R1150"/></Rule><Rule ruleId="R1160" severity="error" status="enabled"><Driver class="com.modeliosoft.modelio.audit.rules.R1160"/></Rule><Rule ruleId="R1170" severity="error" status="enabled"><Driver class="com.modeliosoft.modelio.audit.rules.R1170"/></Rule><Rule ruleId="R1180" severity="error" status="enabled"><Driver class="com.modeliosoft.modelio.audit.rules.R1180"/></Rule><Rule ruleId="R1190" severity="error" status="enabled"><Driver class="com.modeliosoft.modelio.audit.rules.R1190"/></Rule><Rule ruleId="R1200" severity="error" status="enabled"><Driver class="com.modeliosoft.modelio.audit.rules.R1200"/></Rule><Rule ruleId="R1230" severity="error" status="enabled"><Driver class="com.modeliosoft.modelio.audit.rules.R1230"/></Rule><Rule ruleId="R1250" severity="error" status="enabled"><Driver class="com.modeliosoft.modelio.audit.rules.R1250"/></Rule><Rule ruleId="R1280" severity="error" status="enabled"><Driver class="com.modeliosoft.modelio.audit.rules.R1280"/></Rule><Rule ruleId="R1290" severity="warning" status="enabled"><Driver class="com.modeliosoft.modelio.audit.rules.R1290"/></Rule><Rule ruleId="R1300" severity="warning" status="enabled"><Driver class="com.modeliosoft.modelio.audit.rules.R1300"/></Rule><Rule ruleId="R1310" severity="warning" status="enabled"><Driver class="com.modeliosoft.modelio.audit.rules.R1310"/></Rule><Rule ruleId="R1320" severity="error" status="enabled"><Driver class="com.modeliosoft.modelio.audit.rules.R1320"/></Rule><Rule ruleId="R1350" severity="error" status="enabled"><Driver class="com.modeliosoft.modelio.audit.rules.R1350"/></Rule><Rule ruleId="R1360" severity="error" status="enabled"><Driver class="com.modeliosoft.modelio.audit.rules.R1360"/></Rule><Rule ruleId="R1370" severity="error" status="enabled"><Driver class="com.modeliosoft.modelio.audit.rules.R1370"/></Rule><Rule ruleId="R1380" severity="error" status="enabled"><Driver class="com.modeliosoft.modelio.audit.rules.R1380"/></Rule><Rule ruleId="R1390" severity="error" status="enabled"><Driver class="com.modeliosoft.modelio.audit.rules.R1390"/></Rule><Rule ruleId="R1400" severity="error" status="enabled"><Driver class="com.modeliosoft.modelio.audit.rules.R1400"/></Rule></RuleGroup><RuleGroup category="State"><Rule ruleId="R2580" severity="error" status="enabled"><Driver class="com.modeliosoft.modelio.audit.rules.R2580"/></Rule><Rule ruleId="R2590" severity="error" status="enabled"><Driver class="com.modeliosoft.modelio.audit.rules.R2590"/></Rule><Rule ruleId="R2600" severity="error" status="enabled"><Driver class="com.modeliosoft.modelio.audit.rules.R2600"/></Rule><Rule ruleId="R2610" severity="error" status="enabled"><Driver class="com.modeliosoft.modelio.audit.rules.R2610"/></Rule><Rule ruleId="R2620" severity="error" status="enabled"><Driver class="com.modeliosoft.modelio.audit.rules.R2620"/></Rule><Rule ruleId="R2630" severity="error" status="enabled"><Driver class="com.modeliosoft.modelio.audit.rules.R2630"/></Rule><Rule ruleId="R2640" severity="error" status="enabled"><Driver class="com.modeliosoft.modelio.audit.rules.R2640"/></Rule><Rule ruleId="R2650" severity="error" status="enabled"><Driver class="com.modeliosoft.modelio.audit.rules.R2650"/></Rule><Rule ruleId="R2660" severity="error" status="enabled"><Driver class="com.modeliosoft.modelio.audit.rules.R2660"/></Rule><Rule ruleId="R2670" severity="error" status="enabled"><Driver class="com.modeliosoft.modelio.audit.rules.R2670"/></Rule><Rule ruleId="R2750" severity="warning" status="enabled"><Driver class="com.modeliosoft.modelio.audit.rules.R2750"/></Rule><Rule ruleId="R2760" severity="error" status="enabled"><Driver class="com.modeliosoft.modelio.audit.rules.R2760"/></Rule><Rule ruleId="R2770" severity="error" status="enabled"><Driver class="com.modeliosoft.modelio.audit.rules.R2770"/></Rule><Rule ruleId="R2780" severity="warning" status="enabled"><Driver class="com.modeliosoft.modelio.audit.rules.R2780"/></Rule><Rule ruleId="R2790" severity="error" status="enabled"><Driver class="com.modeliosoft.modelio.audit.rules.R2790"/></Rule><Rule ruleId="R2800" severity="error" status="enabled"><Driver class="com.modeliosoft.modelio.audit.rules.R2800"/></Rule><Rule ruleId="R2810" severity="error" status="enabled"><Driver class="com.modeliosoft.modelio.audit.rules.R2810"/></Rule><Rule ruleId="R2820" severity="error" status="enabled"><Driver class="com.modeliosoft.modelio.audit.rules.R2820"/></Rule><Rule ruleId="R2830" severity="error" status="enabled"><Driver class="com.modeliosoft.modelio.audit.rules.R2830"/></Rule><Rule ruleId="R2840" severity="warning" status="enabled"><Driver class="com.modeliosoft.modelio.audit.rules.R2840"/></Rule><Rule ruleId="R2940" severity="warning" status="enabled"><Driver class="com.modeliosoft.modelio.audit.rules.R2940"/></Rule><Rule ruleId="R2950" severity="warning" status="enabled"><Driver class="com.modeliosoft.modelio.audit.rules.R2950"/></Rule></RuleGroup><RuleGroup category="UseCase"><Rule ruleId="R2860" severity="warning" status="enabled"><Driver class="com.modeliosoft.modelio.audit.rules.R2860"/></Rule><Rule ruleId="R2870" severity="error" status="enabled"><Driver class="com.modeliosoft.modelio.audit.rules.R2870"/></Rule><Rule ruleId="R2880" severity="error" status="enabled"><Driver class="com.modeliosoft.modelio.audit.rules.R2880"/></Rule><Rule ruleId="R2890" severity="error" status="enabled"><Driver class="com.modeliosoft.modelio.audit.rules.R2890"/></Rule><Rule ruleId="R2900" severity="tip" status="enabled"><Driver class="com.modeliosoft.modelio.audit.rules.R2900"/></Rule><Rule ruleId="R2910" severity="error" status="enabled"><Driver class="com.modeliosoft.modelio.audit.rules.R2910"/></Rule><Rule ruleId="R2920" severity="error" status="enabled"><Driver class="com.modeliosoft.modelio.audit.rules.R2920"/></Rule></RuleGroup><RuleGroup category="Static"><Rule ruleId="R1000" severity="error" status="enabled"><Driver class="com.modeliosoft.modelio.audit.rules.R1000"/></Rule><Rule ruleId="R1410" severity="error" status="enabled"><Driver class="com.modeliosoft.modelio.audit.rules.R1410"/></Rule><Rule ruleId="R1420" severity="error" status="enabled"><Driver class="com.modeliosoft.modelio.audit.rules.R1420"/></Rule><Rule ruleId="R1430" severity="error" status="enabled"><Driver class="com.modeliosoft.modelio.audit.rules.R1430"/></Rule><Rule ruleId="R1440" severity="error" status="enabled"><Driver class="com.modeliosoft.modelio.audit.rules.R1440"/></Rule><Rule ruleId="R1450" severity="error" status="enabled"><Driver class="com.modeliosoft.modelio.audit.rules.R1450"/></Rule><Rule ruleId="R1460" severity="error" status="enabled"><Driver class="com.modeliosoft.modelio.audit.rules.R1460"/></Rule><Rule ruleId="R1470" severity="error" status="enabled"><Driver class="com.modeliosoft.modelio.audit.rules.R1470"/></Rule><Rule ruleId="R1480" severity="warning" status="enabled"><Driver class="com.modeliosoft.modelio.audit.rules.R1480"/></Rule><Rule ruleId="R1490" severity="warning" status="enabled"><Driver class="com.modeliosoft.modelio.audit.rules.R1490"/></Rule><Rule ruleId="R1500" severity="tip" status="enabled"><Driver class="com.modeliosoft.modelio.audit.rules.R1500"/></Rule><Rule ruleId="R1520" severity="tip" status="enabled"><Driver class="com.modeliosoft.modelio.audit.rules.R1520"/></Rule><Rule ruleId="R1540" severity="error" status="enabled"><Driver class="com.modeliosoft.modelio.audit.rules.R1540"/></Rule><Rule ruleId="R1550" severity="error" status="enabled"><Driver class="com.modeliosoft.modelio.audit.rules.R1550"/></Rule><Rule ruleId="R1560" severity="warning" status="enabled"><Driver class="com.modeliosoft.modelio.audit.rules.R1560"/></Rule><Rule ruleId="R1570" severity="error" status="enabled"><Driver class="com.modeliosoft.modelio.audit.rules.R1570"/></Rule><Rule ruleId="R1580" severity="error" status="enabled"><Driver class="com.modeliosoft.modelio.audit.rules.R1580"/></Rule><Rule ruleId="R1590" severity="warning" status="enabled"><Driver class="com.modeliosoft.modelio.audit.rules.R1590"/></Rule><Rule ruleId="R1600" severity="warning" status="enabled"><Driver class="com.modeliosoft.modelio.audit.rules.R1600"/></Rule><Rule ruleId="R1610" severity="error" status="enabled"><Driver class="com.modeliosoft.modelio.audit.rules.R1610"/></Rule><Rule ruleId="R1620" severity="error" status="enabled"><Driver class="com.modeliosoft.modelio.audit.rules.R1620"/></Rule><Rule ruleId="R1640" severity="warning" status="enabled"><Driver class="com.modeliosoft.modelio.audit.rules.R1640"/></Rule><Rule ruleId="R1650" severity="warning" status="enabled"><Driver class="com.modeliosoft.modelio.audit.rules.R1650"/></Rule><Rule ruleId="R1660" severity="warning" status="enabled"><Driver class="com.modeliosoft.modelio.audit.rules.R1660"/></Rule><Rule ruleId="R1670" severity="error" status="enabled"><Driver class="com.modeliosoft.modelio.audit.rules.R1670"/></Rule><Rule ruleId="R1720" severity="warning" status="enabled"><Driver class="com.modeliosoft.modelio.audit.rules.R1720"/></Rule><Rule ruleId="R1730" severity="error" status="enabled"><Driver class="com.modeliosoft.modelio.audit.rules.R1730"/></Rule><Rule ruleId="R1750" severity="error" status="enabled"><Driver class="com.modeliosoft.modelio.audit.rules.R1750"/></Rule><Rule ruleId="R1760" severity="error" status="enabled"><Driver class="com.modeliosoft.modelio.audit.rules.R1760"/></Rule><Rule ruleId="R1780" severity="error" status="enabled"><Driver class="com.modeliosoft.modelio.audit.rules.R1780"/></Rule><Rule ruleId="R1790" severity="error" status="enabled"><Driver class="com.modeliosoft.modelio.audit.rules.R1790"/></Rule><Rule ruleId="R1860" severity="error" status="enabled"><Driver class="com.modeliosoft.modelio.audit.rules.R1860"/></Rule><Rule ruleId="R1870" severity="error" status="enabled"><Driver class="com.modeliosoft.modelio.audit.rules.R1870"/></Rule><Rule ruleId="R1910" severity="tip" status="enabled"><Driver class="com.modeliosoft.modelio.audit.rules.R1910"/></Rule><Rule ruleId="R1970" severity="error" status="enabled"><Driver class="com.modeliosoft.modelio.audit.rules.R1970"/></Rule><Rule ruleId="R1980" severity="error" status="enabled"><Driver class="com.modeliosoft.modelio.audit.rules.R1980"/></Rule><Rule ruleId="R1990" severity="warning" status="enabled"><Driver class="com.modeliosoft.modelio.audit.rules.R1990"/></Rule><Rule ruleId="R2060" severity="error" status="enabled"><Driver class="com.modeliosoft.modelio.audit.rules.R2060"/></Rule><Rule ruleId="R2180" severity="error" status="enabled"><Driver class="com.modeliosoft.modelio.audit.rules.R2180"/></Rule><Rule ruleId="R2190" severity="warning" status="enabled"><Driver class="com.modeliosoft.modelio.audit.rules.R2190"/></Rule><Rule ruleId="R2200" severity="warning" status="enabled"><Driver class="com.modeliosoft.modelio.audit.rules.R2200"/></Rule><Rule ruleId="R2210" severity="error" status="enabled"><Driver class="com.modeliosoft.modelio.audit.rules.R2210"/></Rule><Rule ruleId="R2220" severity="error" status="enabled"><Driver class="com.modeliosoft.modelio.audit.rules.R2220"/></Rule><Rule ruleId="R2230" severity="warning" status="enabled"><Driver class="com.modeliosoft.modelio.audit.rules.R2230"/></Rule><Rule ruleId="R2240" severity="error" status="enabled"><Driver class="com.modeliosoft.modelio.audit.rules.R2240"/></Rule><Rule ruleId="R2250" severity="warning" status="enabled"><Driver class="com.modeliosoft.modelio.audit.rules.R2250"/></Rule><Rule ruleId="R2260" severity="error" status="enabled"><Driver class="com.modeliosoft.modelio.audit.rules.R2260"/></Rule><Rule ruleId="R2270" severity="warning" status="enabled"><Driver class="com.modeliosoft.modelio.audit.rules.R2270"/></Rule><Rule ruleId="R2330" severity="error" status="enabled"><Driver class="com.modeliosoft.modelio.audit.rules.R2330"/></Rule><Rule ruleId="R2340" severity="error" status="enabled"><Driver class="com.modeliosoft.modelio.audit.rules.R2340"/></Rule><Rule ruleId="R2350" severity="error" status="enabled"><Driver class="com.modeliosoft.modelio.audit.rules.R2350"/></Rule><Rule ruleId="R2360" severity="error" status="enabled"><Driver class="com.modeliosoft.modelio.audit.rules.R2360"/></Rule><Rule ruleId="R2370" severity="error" status="enabled"><Driver class="com.modeliosoft.modelio.audit.rules.R2370"/></Rule><Rule ruleId="R2380" severity="error" status="enabled"><Driver class="com.modeliosoft.modelio.audit.rules.R2380"/></Rule><Rule ruleId="R2390" severity="error" status="enabled"><Driver class="com.modeliosoft.modelio.audit.rules.R2390"/></Rule><Rule ruleId="R2400" severity="error" status="enabled"><Driver class="com.modeliosoft.modelio.audit.rules.R2400"/></Rule><Rule ruleId="R2410" severity="error" status="enabled"><Driver class="com.modeliosoft.modelio.audit.rules.R2410"/></Rule><Rule ruleId="R2420" severity="warning" status="enabled"><Driver class="com.modeliosoft.modelio.audit.rules.R2420"/></Rule><Rule ruleId="R2430" severity="error" status="enabled"><Driver class="com.modeliosoft.modelio.audit.rules.R2430"/></Rule><Rule ruleId="R2440" severity="warning" status="enabled"><Driver class="com.modeliosoft.modelio.audit.rules.R2440"/></Rule><Rule ruleId="R2450" severity="error" status="enabled"><Driver class="com.modeliosoft.modelio.audit.rules.R2450"/></Rule><Rule ruleId="R2470" severity="warning" status="enabled"><Driver class="com.modeliosoft.modelio.audit.rules.R2470"/></Rule><Rule ruleId="R2500" severity="error" status="enabled"><Driver class="com.modeliosoft.modelio.audit.rules.R2500"/></Rule><Rule ruleId="R2510" severity="warning" status="enabled"><Driver class="com.modeliosoft.modelio.audit.rules.R2510"/></Rule><Rule ruleId="R2520" severity="warning" status="enabled"><Driver class="com.modeliosoft.modelio.audit.rules.R2520"/></Rule><Rule ruleId="R2530" severity="warning" status="enabled"><Driver class="com.modeliosoft.modelio.audit.rules.R2530"/></Rule><Rule ruleId="R2540" severity="error" status="enabled"><Driver class="com.modeliosoft.modelio.audit.rules.R2540"/></Rule><Rule ruleId="R2550" severity="error" status="enabled"><Driver class="com.modeliosoft.modelio.audit.rules.R2550"/></Rule><Rule ruleId="R2560" severity="warning" status="enabled"><Driver class="com.modeliosoft.modelio.audit.rules.R2560"/></Rule><Rule ruleId="R2570" severity="error" status="enabled"><Driver class="com.modeliosoft.modelio.audit.rules.R2570"/></Rule><Rule ruleId="R2680" severity="error" status="enabled"><Driver class="com.modeliosoft.modelio.audit.rules.R2680"/></Rule><Rule ruleId="R2690" severity="error" status="enabled"><Driver class="com.modeliosoft.modelio.audit.rules.R2690"/></Rule><Rule ruleId="R2700" severity="error" status="enabled"><Driver class="com.modeliosoft.modelio.audit.rules.R2700"/></Rule><Rule ruleId="R2720" severity="error" status="enabled"><Driver class="com.modeliosoft.modelio.audit.rules.R2720"/></Rule><Rule ruleId="R2730" severity="error" status="enabled"><Driver class="com.modeliosoft.modelio.audit.rules.R2730"/></Rule><Rule ruleId="R2740" severity="error" status="enabled"><Driver class="com.modeliosoft.modelio.audit.rules.R2740"/></Rule></RuleGroup><RuleGroup category="Analyst"><Rule ruleId="R2010" severity="error" status="enabled"><Driver class="com.modeliosoft.modelio.audit.rules.R2010"/></Rule><Rule ruleId="R2030" severity="error" status="enabled"><Driver class="com.modeliosoft.modelio.audit.rules.R2030"/></Rule><Rule ruleId="R2080" severity="error" status="enabled"><Driver class="com.modeliosoft.modelio.audit.rules.R2080"/></Rule><Rule ruleId="R2100" severity="error" status="enabled"><Driver class="com.modeliosoft.modelio.audit.rules.R2100"/></Rule><Rule ruleId="R2120" severity="error" status="enabled"><Driver class="com.modeliosoft.modelio.audit.rules.R2120"/></Rule><Rule ruleId="R2140" severity="error" status="enabled"><Driver class="com.modeliosoft.modelio.audit.rules.R2140"/></Rule><Rule ruleId="R2160" severity="error" status="enabled"><Driver class="com.modeliosoft.modelio.audit.rules.R2160"/></Rule><Rule ruleId="R2960" severity="error" status="enabled"><Driver class="com.modeliosoft.modelio.audit.rules.R2960"/></Rule><Rule ruleId="R2970" severity="error" status="enabled"><Driver class="com.modeliosoft.modelio.audit.rules.R2970"/></Rule><Rule ruleId="R2980" severity="error" status="enabled"><Driver class="com.modeliosoft.modelio.audit.rules.R2980"/></Rule><Rule ruleId="R2990" severity="error" status="enabled"><Driver class="com.modeliosoft.modelio.audit.rules.R2990"/></Rule><Rule ruleId="R3000" severity="error" status="enabled"><Driver class="com.modeliosoft.modelio.audit.rules.R3000"/></Rule><Rule ruleId="R3010" severity="error" status="enabled"><Driver class="com.modeliosoft.modelio.audit.rules.R3010"/></Rule><Rule ruleId="R3020" severity="error" status="enabled"><Driver class="com.modeliosoft.modelio.audit.rules.R3020"/></Rule><Rule ruleId="R3030" severity="error" status="enabled"><Driver class="com.modeliosoft.modelio.audit.rules.R3030"/></Rule><Rule ruleId="R3040" severity="error" status="enabled"><Driver class="com.modeliosoft.modelio.audit.rules.R3040"/></Rule><Rule ruleId="R3050" severity="error" status="enabled"><Driver class="com.modeliosoft.modelio.audit.rules.R3050"/></Rule><Rule ruleId="R3060" severity="error" status="enabled"><Driver class="com.modeliosoft.modelio.audit.rules.R3060"/></Rule><Rule ruleId="R3070" severity="error" status="enabled"><Driver class="com.modeliosoft.modelio.audit.rules.R3070"/></Rule></RuleGroup><RuleGroup category="Behaviour"><Rule ruleId="R1680" severity="error" status="enabled"><Driver class="com.modeliosoft.modelio.audit.rules.R1680"/></Rule><Rule ruleId="R1690" severity="error" status="enabled"><Driver class="com.modeliosoft.modelio.audit.rules.R1690"/></Rule><Rule ruleId="R1700" severity="error" status="enabled"><Driver class="com.modeliosoft.modelio.audit.rules.R1700"/></Rule><Rule ruleId="R1710" severity="error" status="enabled"><Driver class="com.modeliosoft.modelio.audit.rules.R1710"/></Rule><Rule ruleId="R2170" severity="error" status="enabled"><Driver class="com.modeliosoft.modelio.audit.rules.R2170"/></Rule></RuleGroup><RuleGroup category="Sequence"><Rule ruleId="R1800" severity="error" status="enabled"><Driver class="com.modeliosoft.modelio.audit.rules.R1800"/></Rule><Rule ruleId="R1810" severity="warning" status="enabled"><Driver class="com.modeliosoft.modelio.audit.rules.R1810"/></Rule><Rule ruleId="R1820" severity="warning" status="enabled"><Driver class="com.modeliosoft.modelio.audit.rules.R1820"/></Rule><Rule ruleId="R1830" severity="error" status="enabled"><Driver class="com.modeliosoft.modelio.audit.rules.R1830"/></Rule><Rule ruleId="R1950" severity="error" status="enabled"><Driver class="com.modeliosoft.modelio.audit.rules.R1950"/></Rule><Rule ruleId="R1960" severity="tip" status="enabled"><Driver class="com.modeliosoft.modelio.audit.rules.R1960"/></Rule><Rule ruleId="R2930" severity="error" status="enabled"><Driver class="com.modeliosoft.modelio.audit.rules.R2930"/></Rule></RuleGroup><RuleGroup category="Others"><Rule ruleId="R1530" severity="tip" status="disabled"><Driver class="com.modeliosoft.modelio.audit.rules.R1530"/></Rule><Rule ruleId="R1740" severity="tip" status="enabled"><Driver class="com.modeliosoft.modelio.audit.rules.R1740"/></Rule><Rule ruleId="R2050" severity="error" status="enabled"><Driver class="com.modeliosoft.modelio.audit.rules.R2050"/></Rule><Rule ruleId="R2850" severity="error" status="enabled"><Driver class="com.modeliosoft.modelio.audit.rules.R2850"/></Rule></RuleGroup><RuleGroup category="BPMN"><Rule ruleId="R3080" severity="error" status="enabled"><Driver class="com.modeliosoft.modelio.audit.rules.R3080"/></Rule><Rule ruleId="R3090" severity="error" status="enabled"><Driver class="com.modeliosoft.modelio.audit.rules.R3090"/></Rule><Rule ruleId="R3100" severity="error" status="enabled"><Driver class="com.modeliosoft.modelio.audit.rules.R3100"/></Rule><Rule ruleId="R3110" severity="error" status="enabled"><Driver class="com.modeliosoft.modelio.audit.rules.R3110"/></Rule><Rule ruleId="R3130" severity="error" status="enabled"><Driver class="com.modeliosoft.modelio.audit.rules.R3130"/></Rule><Rule ruleId="R3140" severity="warning" status="enabled"><Driver class="com.modeliosoft.modelio.audit.rules.R3140"/></Rule><Rule ruleId="R3150" severity="error" status="enabled"><Driver class="com.modeliosoft.modelio.audit.rules.R3150"/></Rule><Rule ruleId="R3160" severity="error" status="enabled"><Driver class="com.modeliosoft.modelio.audit.rules.R3160"/></Rule><Rule ruleId="R3170" severity="warning" status="enabled"><Driver class="com.modeliosoft.modelio.audit.rules.R3170"/></Rule><Rule ruleId="R3180" severity="error" status="enabled"><Driver class="com.modeliosoft.modelio.audit.rules.R3180"/></Rule><Rule ruleId="R3190" severity="error" status="enabled"><Driver class="com.modeliosoft.modelio.audit.rules.R3190"/></Rule><Rule ruleId="R3210" severity="warning" status="enabled"><Driver class="com.modeliosoft.modelio.audit.rules.R3210"/></Rule><Rule ruleId="R3220" severity="error" status="enabled"><Driver class="com.modeliosoft.modelio.audit.rules.R3220"/></Rule><Rule ruleId="R3230" severity="warning" status="enabled"><Driver class="com.modeliosoft.modelio.audit.rules.R3230"/></Rule><Rule ruleId="R3240" severity="error" status="enabled"><Driver class="com.modeliosoft.modelio.audit.rules.R3240"/></Rule><Rule ruleId="R3250" severity="error" status="enabled"><Driver class="com.modeliosoft.modelio.audit.rules.R3250"/></Rule></RuleGroup></Configuration>